newyork,year,occupation,inctot,incwage,scaled_income,scaled_wage
FALSE,1960,janitor,1903.904396371249,1772.5645498953245,1565.1231681786462,1433.7833217027217
FALSE,1960,lawyer,10713.836689038031,2832.7628635346755,9669.485458612975,1788.4116331096197
FALSE,2017,janitor,23617.194255348342,20117.798103410063,16620.91392785148,13121.517775913202
FALSE,2017,lawyer,137704.4343712369,115661.03860313092,121422.70055049028,99379.30478238431
TRUE,1960,janitor,3351.2879102617367,3111.2546738678852,2760.3460739509765,2520.312837557125
TRUE,1960,lawyer,12286.329225352112,4161.276408450704,10944.006602112677,2818.9537852112676
TRUE,2017,janitor,29832.29851889948,26763.682538477202,16532.656299078066,13464.040318655792
TRUE,2017,lawyer,185879.78994230184,159587.38768500707,164376.52040388703,138080.67111978203
