statefip,countyfip,year,occupation,inctot,incwage,scaled_income,scaled_wage
6,85,1960,janitor,4143.629032258064,3431.3306451612902,3403.7096774193546,2691.4112903225805
6,85,1960,lawyer,11307.432432432432,4791.756756756757,10010.662162162162,3494.9864864864867
6,85,2017,janitor,28200.589601172567,25257.54354701844,6438.7803749132145,3495.7343207590834
6,85,2017,lawyer,195916.23594219488,169677.2522535413,177176.28373157818,150937.3000429246
53,33,1960,janitor,3108.5329341317365,2649.9700598802397,2527.182634730539,2068.619760479042
53,33,1960,lawyer,12671.333333333334,2879.4,11508.426666666666,1716.4933333333333
53,33,2017,janitor,28793.286606624057,25302.56304474143,13991.487870424173,10500.764308541546
53,33,2017,lawyer,159471.0531315408,137427.87345033005,135213.23627435195,113170.0565931412
